{"stats":{"minecraft:picked_up":{"minecraft:stick":3,"minecraft:apple":1,"minecraft:wheat_seeds":2,"minecraft:oak_log":5,"minecraft:dirt":40},"minecraft:mined":{"minecraft:grass_block":43},"minecraft:used":{"minecraft:dirt":6,"minecraft:apple":1,"minecraft:netherite_shovel":37,"minecraft:flint_and_steel":8,"minecraft:tnt":66},"minecraft:custom":{"minecraft:time_since_rest":6945,"minecraft:open_chest":1,"minecraft:crouch_one_cm":1547,"minecraft:play_time":6945,"minecraft:sprint_one_cm":8433,"minecraft:damage_taken":90,"minecraft:walk_one_cm":5739,"minecraft:sneak_time":328,"minecraft:jump":37,"minecraft:leave_game":1,"minecraft:time_since_death":6945,"minecraft:total_world_time":6945,"minecraft:fall_one_cm":1415,"minecraft:fly_one_cm":86247}},"DataVersion":3465}