{"stats":{"minecraft:crafted":{"minecraft:wooden_sword":1,"minecraft:oak_planks":13,"minecraft:raw_iron":1,"minecraft:stone_shovel":1,"minecraft:fishing_rod":1,"minecraft:furnace":2,"minecraft:stone_pickaxe":1,"minecraft:chest":1,"minecraft:cooked_cod":31,"minecraft:crafting_table":5,"minecraft:spruce_planks":14,"minecraft:wooden_pickaxe":1,"minecraft:cooked_salmon":18,"minecraft:gold_block":1,"minecraft:air":95,"minecraft:iron_chestplate":1,"minecraft:shield":1,"minecraft:raw_gold":1,"minecraft:stick":20,"minecraft:iron_ingot":11,"minecraft:stone_sword":1,"minecraft:gold_ingot":9,"iceandfire:silver_pickaxe":1},"minecraft:broken":{"minecraft:stone_sword":1,"minecraft:wooden_pickaxe":1,"minecraft:wooden_sword":1,"minecraft:leather_boots":1,"minecraft:fishing_rod":1},"minecraft:custom":{"minecraft:mob_kills":44,"minecraft:interact_with_crafting_table":26,"minecraft:open_barrel":10,"minecraft:damage_dealt_resisted":0,"minecraft:eat_cake_slice":2,"minecraft:leave_game":3,"minecraft:time_since_death":242309,"minecraft:climb_one_cm":3252,"minecraft:sprint_one_cm":794015,"minecraft:walk_one_cm":956552,"minecraft:damage_blocked_by_shield":60,"minecraft:drop":34,"minecraft:talked_to_villager":1,"minecraft:play_time":251192,"minecraft:deaths":1,"minecraft:sneak_time":3845,"minecraft:walk_under_water_one_cm":17933,"minecraft:interact_with_lectern":1,"minecraft:jump":2833,"minecraft:walk_on_water_one_cm":34265,"minecraft:total_world_time":251192,"minecraft:interact_with_furnace":67,"minecraft:sleep_in_bed":2,"minecraft:time_since_rest":5330,"minecraft:waystone_activated":1,"minecraft:damage_taken":2447,"minecraft:trigger_trapped_chest":5,"minecraft:damage_dealt":7162,"minecraft:swim_one_cm":81188,"minecraft:fly_one_cm":922350,"minecraft:player_kills":2,"minecraft:open_chest":61,"minecraft:crouch_one_cm":14727,"tombstone:undead_killed":23,"minecraft:fish_caught":59,"minecraft:fall_one_cm":65673},"minecraft:dropped":{"minecraft:bread":13,"iceandfire:raw_silver":1,"minecraft:wheat_seeds":3,"minecraft:crafting_table":1,"minecraft:stick":6,"minecraft:dirt":19,"tombstone:grave_key":1,"minecraft:cooked_cod":2,"minecraft:cooked_salmon":5,"minecraft:wooden_sword":1,"minecraft:string":2,"minecraft:stone_brick_slab":1,"minecraft:cyan_carpet":1,"minecraft:gold_ingot":2,"tombstone:familiar_stone":1,"minecraft:rotten_flesh":1,"minecraft:skeleton_skull":1,"minecraft:birch_door":1,"minecraft:oak_sapling":1,"doggytalents:rice_grains":2,"minecraft:stone_pickaxe":2,"waystones:waystone":2},"minecraft:killed_by":{"irons_spellbooks:necromancer":1},"minecraft:picked_up":{"minecraft:birch_door":1,"minecraft:crafting_table":6,"minecraft:yellow_wool":1,"minecraft:gold_block":1,"minecraft:enchanted_book":1,"occultism:raw_silver":2,"minecraft:wither_rose":1,"minecraft:potion":1,"tombstone:grave_key":1,"minecraft:string":6,"minecraft:wooden_sword":1,"minecraft:item_frame":2,"minecraft:pufferfish":13,"minecraft:experience_bottle":2,"minecraft:cyan_carpet":1,"minecraft:blackstone":59,"iceandfire:bestiary":1,"irons_spellbooks:arcane_essence":4,"reliquary:zombie_heart":1,"minecraft:spruce_planks":12,"minecraft:calcite":4,"minecraft:player_head":15,"minecraft:furnace":1,"minecraft:raw_iron":2,"apotheosis:gem":7,"minecraft:raw_gold_block":1,"epicfight:skillbook":1,"tombstone:grave_dust":7,"minecraft:trident":1,"minecraft:warped_planks":1,"minecraft:arrow":6,"minecraft:rotten_flesh":18,"minecraft:tropical_fish":3,"minecraft:iron_bars":2,"minecraft:cod":31,"minecraft:skeleton_skull":3,"alexsmobs:flying_fish":1,"minecraft:cobblestone":124,"occultism:datura_seeds":2,"minecraft:tripwire_hook":3,"minecraft:salmon":18,"doggytalents:rice_grains":2,"minecraft:oak_log":13,"minecraft:dirt":36,"minecraft:leather_boots":1,"minecraft:bone":6,"minecraft:wheat_seeds":7,"botania:purple_mystical_flower":1,"minecraft:stone_pickaxe":1,"minecraft:oak_planks":3,"minecraft:smooth_basalt":2,"minecraft:emerald_block":1,"minecraft:sweet_berries":2,"iceandfire:podium_spruce":1,"minecraft:stone_brick_slab":2,"minecraft:raw_iron_block":1,"minecraft:ink_sac":4,"minecraft:spruce_log":8,"ars_elemental:yellow_archwood_log":4,"minecraft:cyan_bed":2,"minecraft:spider_eye":1,"tombstone:familiar_stone":2,"waystones:waystone":4,"minecraft:chainmail_leggings":1,"minecraft:painting":4,"minecraft:oak_sapling":1,"minecraft:dark_oak_fence":1,"minecraft:coal":122,"iceandfire:raw_silver":1},"minecraft:mined":{"minecraft:spruce_planks":2,"iceandfire:graveyard_soil":7,"iceandfire:silver_ore":1,"minecraft:grass_block":12,"minecraft:spruce_leaves":6,"minecraft:large_fern":1,"minecraft:tall_seagrass":3,"minecraft:raw_iron_block":1,"botania:purple_mystical_flower":1,"minecraft:furnace":2,"minecraft:raw_gold_block":1,"minecraft:iron_ore":2,"minecraft:gold_block":1,"minecraft:bookshelf":1,"minecraft:vine":1,"minecraft:iron_bars":2,"occultism:silver_ore":2,"minecraft:stone":101,"iceandfire:podium_spruce":1,"minecraft:player_head":14,"minecraft:spruce_slab":1,"minecraft:blackstone":59,"minecraft:player_wall_head":1,"minecraft:stone_brick_slab":1,"minecraft:crafting_table":6,"minecraft:polished_andesite_stairs":1,"minecraft:cobblestone":32,"minecraft:tall_grass":27,"minecraft:cyan_bed":2,"minecraft:oak_planks":3,"ars_elemental:yellow_archwood_log":4,"ars_nouveau:blue_archwood_leaves":3,"minecraft:skeleton_skull":2,"minecraft:seagrass":1,"minecraft:warped_planks":1,"minecraft:yellow_wool":1,"minecraft:sweet_berry_bush":1,"minecraft:lilac":1,"minecraft:spruce_log":9,"minecraft:wither_rose":1,"minecraft:grass":22,"minecraft:coal_ore":72,"minecraft:oak_log":12,"minecraft:zombie_head":1,"minecraft:cyan_carpet":2,"minecraft:dirt":5,"minecraft:smooth_basalt":2,"minecraft:oak_leaves":1,"minecraft:emerald_block":1,"minecraft:fern":1},"minecraft:used":{"minecraft:trident":6,"minecraft:writable_book":1,"minecraft:stone_sword":131,"minecraft:stone_shovel":8,"minecraft:spruce_planks":2,"minecraft:chest":1,"minecraft:shield":2,"minecraft:cooked_salmon":13,"minecraft:player_head":2,"minecraft:iron_chestplate":1,"minecraft:dirt":17,"botania:purple_mystical_flower":1,"minecraft:stone_brick_slab":1,"minecraft:smooth_basalt":2,"minecraft:item_frame":1,"ars_elemental:yellow_archwood_log":3,"minecraft:sweet_berries":2,"minecraft:furnace":3,"minecraft:cooked_cod":11,"tombstone:gift":1,"epicfight:skillbook":2,"minecraft:stone_pickaxe":99,"minecraft:oak_planks":36,"minecraft:wooden_pickaxe":59,"minecraft:crafting_table":10,"minecraft:painting":4,"minecraft:cake":1,"iceandfire:silver_pickaxe":163,"waystones:waystone":1,"minecraft:bread":14,"minecraft:cyan_bed":2,"minecraft:yellow_wool":1,"minecraft:fishing_rod":68,"minecraft:wooden_sword":67,"tombstone:familiar_stone":3,"minecraft:cobblestone":77,"minecraft:potion":1,"minecraft:dark_oak_fence":1,"minecraft:pumpkin_pie":12,"minecraft:experience_bottle":2},"minecraft:killed":{"minecraft:spider":5,"minecraft:skeleton":5,"minecraft:drowned":4,"minecraft:salmon":6,"minecraft:zombie":9,"iceandfire:ghost":5,"alexsmobs:fly":1}},"DataVersion":3465}