{"stats":{"minecraft:crafted":{"minecraft:oak_planks":76,"minecraft:crafting_table":1,"minecraft:wooden_pickaxe":1,"minecraft:shield":1,"minecraft:stick":4,"minecraft:wooden_axe":1},"minecraft:broken":{"minecraft:wooden_axe":1,"minecraft:iron_leggings":1,"minecraft:chainmail_helmet":1,"minecraft:wooden_pickaxe":1},"minecraft:custom":{"minecraft:interact_with_furnace":2,"minecraft:mob_kills":8,"minecraft:tune_noteblock":4,"minecraft:interact_with_crafting_table":6,"minecraft:open_barrel":10,"minecraft:damage_dealt_resisted":0,"minecraft:eat_cake_slice":5,"minecraft:leave_game":3,"minecraft:sleep_in_bed":3,"minecraft:time_since_death":47,"minecraft:climb_one_cm":9002,"minecraft:time_since_rest":1,"minecraft:waystone_activated":1,"minecraft:sprint_one_cm":47584,"minecraft:damage_taken":2147483647,"minecraft:walk_one_cm":1730740,"minecraft:trigger_trapped_chest":2,"minecraft:drop":24,"minecraft:damage_dealt":1787,"minecraft:swim_one_cm":5974,"minecraft:talked_to_villager":4,"minecraft:fly_one_cm":22424,"minecraft:open_chest":19,"minecraft:crouch_one_cm":543,"minecraft:play_time":216745,"tombstone:undead_killed":6,"minecraft:deaths":14,"minecraft:sneak_time":115,"minecraft:walk_under_water_one_cm":56656,"minecraft:interact_with_lectern":1,"minecraft:jump":1306,"minecraft:interact_with_blast_furnace":3,"minecraft:walk_on_water_one_cm":138617,"minecraft:interact_with_smoker":1,"minecraft:total_world_time":216745,"minecraft:fall_one_cm":17674},"minecraft:dropped":{"minecraft:bread":1,"minecraft:wheat_seeds":1,"alexsmobs:animal_dictionary":1,"botania:red_mystical_flower":2,"minecraft:oak_planks":58,"minecraft:rotten_flesh":2,"minecraft:item_frame":2,"minecraft:poppy":2,"minecraft:hay_block":1,"minecraft:dark_oak_fence":3,"minecraft:mutton":2,"minecraft:stone_brick_wall":3,"minecraft:spruce_slab":5,"minecraft:stone_brick_stairs":8,"minecraft:cyan_bed":2,"minecraft:dandelion":2,"minecraft:egg":3},"minecraft:killed_by":{"iceandfire:gorgon":1,"minecraft:player":2,"minecraft:skeleton":2,"minecraft:spider":2,"minecraft:zombie":4,"iceandfire:ghost":1},"minecraft:picked_up":{"occultism:datura_seeds":2,"minecraft:crafting_table":4,"minecraft:tripwire_hook":3,"minecraft:brown_mushroom":1,"minecraft:wooden_pickaxe":1,"minecraft:potato":1,"minecraft:stone_brick_wall":1,"minecraft:flint":1,"minecraft:stone_brick_stairs":4,"minecraft:oak_log":43,"minecraft:dirt":19,"minecraft:cooked_mutton":1,"minecraft:item_frame":3,"minecraft:experience_bottle":1,"minecraft:bone":16,"minecraft:stone_bricks":15,"minecraft:wheat_seeds":1,"minecraft:iron_ingot":1,"minecraft:poppy":2,"minecraft:spruce_slab":1,"minecraft:bamboo":6,"minecraft:oak_planks":4,"minecraft:egg":4,"minecraft:book":6,"apotheosis:gem":3,"botania:red_mystical_flower":2,"minecraft:sweet_berries":3,"minecraft:dandelion":5,"minecraft:gravel":1,"farmersdelight:tomato_seeds":1,"tombstone:grave_dust":1,"minecraft:trident":1,"minecraft:carrot":1,"minecraft:cyan_bed":6,"minecraft:mangrove_trapdoor":1,"alexsmobs:animal_dictionary":1,"minecraft:arrow":11,"minecraft:rotten_flesh":2,"ars_nouveau:worn_notebook":1,"minecraft:hay_block":1,"minecraft:coal":2,"minecraft:bread":11,"minecraft:golden_apple":1,"minecraft:emerald":2,"minecraft:black_banner":2,"ars_nouveau:sourceberry_bush":20,"minecraft:black_wool":2,"minecraft:dark_oak_fence":3,"minecraft:mutton":4},"minecraft:mined":{"minecraft:brown_mushroom":1,"botania:red_mystical_flower":2,"farmersdelight:wild_carrots":1,"minecraft:dandelion":3,"minecraft:crafting_table":4,"minecraft:dark_oak_fence":1,"minecraft:black_banner":1,"minecraft:allium":1,"minecraft:grass_block":9,"minecraft:poppy":2,"minecraft:light_gray_bed":1,"minecraft:tall_grass":1,"minecraft:mangrove_trapdoor":1,"farmersdelight:wild_tomatoes":2,"minecraft:cyan_bed":4,"ars_nouveau:sourceberry_bush":2,"minecraft:hay_block":1,"minecraft:sweet_berry_bush":1,"minecraft:grass":7,"minecraft:black_wool":1,"minecraft:oak_log":29,"minecraft:flowering_azalea_leaves":2,"minecraft:gravel":2,"minecraft:dirt":11,"minecraft:tripwire_hook":3,"minecraft:player_head":1,"minecraft:cake":1},"minecraft:used":{"minecraft:cooked_mutton":1,"minecraft:wooden_pickaxe":31,"minecraft:golden_apple":1,"minecraft:dirt":8,"minecraft:mutton":2,"minecraft:crafting_table":4,"minecraft:carrot":1,"minecraft:crossbow":5,"minecraft:cake":1,"minecraft:wooden_axe":37,"minecraft:black_wool":1,"minecraft:bread":2,"minecraft:cyan_bed":1,"minecraft:gravel":1,"minecraft:stone_bricks":7,"minecraft:sweet_berries":3,"ars_nouveau:sourceberry_bush":4,"tombstone:gift":1,"minecraft:egg":1,"minecraft:dandelion":1,"minecraft:experience_bottle":1},"minecraft:killed":{"minecraft:spider":1,"minecraft:sheep":1,"minecraft:skeleton":3,"minecraft:zombie":2,"irons_spellbooks:summoned_skeleton":1}},"DataVersion":3465}